{
  "experiment_id": "toy_identifiability_collapse",
  "backend": "toy",
  "task": "classification",
  "timestamp_utc": "2026-01-01T05:43:18.275451+00:00",
  "config_hash": "e25d7a0c",
  "seed": 1,
  "metrics": {
    "accuracy": 0.94,
    "loss": 0.20893544386547994,
    "ident_proxy": 0.8416183887518237,
    "hessian_min_abs": 0.07154807221898177,
    "hessian_max_abs": 0.08501248676485135,
    "fisher_condition_number": 1.1881869631070054,
    "fisher_effective_rank": 2.992520579729985,
    "seed_robustness": 0.0
  },
  "noise": {
    "depolarizing_p": 0.2,
    "measurement_bitflip_p": 0.0,
    "amplitude_gamma": 0.01
  },
  "timing": {
    "wall_time_sec": 0.0040700435638427734
  },
  "notes": {
    "verification_warning": false,
    "warning_reason": ""
  }
}