{
  "experiment_id": "toy_identifiability_collapse",
  "backend": "toy",
  "task": "classification",
  "timestamp_utc": "2026-01-01T05:43:43.866154+00:00",
  "config_hash": "380e9e7d",
  "seed": 0,
  "metrics": {
    "accuracy": 0.855,
    "loss": 0.6014997484286161,
    "ident_proxy": 0.4460958295257198,
    "hessian_min_abs": 0.20033593923115356,
    "hessian_max_abs": 0.44908722728822,
    "fisher_condition_number": 2.2416708094790856,
    "fisher_effective_rank": 2.7995111253821325,
    "seed_robustness": 0.0
  },
  "noise": {
    "depolarizing_p": 0.4,
    "measurement_bitflip_p": 0.3,
    "amplitude_gamma": 0.01
  },
  "timing": {
    "wall_time_sec": 0.004430055618286133
  },
  "notes": {
    "verification_warning": false,
    "warning_reason": ""
  }
}