{
  "experiment_id": "toy_noise_identifiability",
  "backend": "toy",
  "task": "classification",
  "timestamp_utc": "2026-01-01T05:33:25.907233+00:00",
  "config_hash": "cf26a4ef",
  "seed": 1,
  "metrics": {
    "accuracy": 0.94,
    "loss": 0.384792859169191,
    "ident_proxy": 0.5705045540099892,
    "hessian_min_abs": 1.0475042000810588,
    "hessian_max_abs": 2.6398337714530933,
    "fisher_condition_number": 2.520117600720661,
    "fisher_effective_rank": 1.3968068790575634,
    "seed_robustness": 0.0
  },
  "noise": {
    "depolarizing_p": 0.15,
    "measurement_bitflip_p": 0.1,
    "amplitude_gamma": 0.01
  },
  "timing": {
    "wall_time_sec": 0.002919912338256836
  },
  "notes": {
    "verification_warning": false,
    "warning_reason": ""
  }
}