{
  "experiment_id": "toy_identifiability_collapse",
  "backend": "toy",
  "task": "classification",
  "timestamp_utc": "2026-01-01T05:43:30.392149+00:00",
  "config_hash": "83adff45",
  "seed": 1,
  "metrics": {
    "accuracy": 0.94,
    "loss": 0.4018806350637206,
    "ident_proxy": 0.6554479631381245,
    "hessian_min_abs": 0.12572807239787648,
    "hessian_max_abs": 0.19182006719553515,
    "fisher_condition_number": 1.5256741265859695,
    "fisher_effective_rank": 2.9447728435206204,
    "seed_robustness": 0.0
  },
  "noise": {
    "depolarizing_p": 0.3,
    "measurement_bitflip_p": 0.1,
    "amplitude_gamma": 0.01
  },
  "timing": {
    "wall_time_sec": 0.004033088684082031
  },
  "notes": {
    "verification_warning": false,
    "warning_reason": ""
  }
}