{
  "experiment_id": "toy_identifiability_collapse",
  "backend": "toy",
  "task": "classification",
  "timestamp_utc": "2026-01-01T05:43:39.756421+00:00",
  "config_hash": "b9a2789d",
  "seed": 0,
  "metrics": {
    "accuracy": 0.905,
    "loss": 0.4668762297055264,
    "ident_proxy": 0.5927261054337143,
    "hessian_min_abs": 0.1456811814207282,
    "hessian_max_abs": 0.24578161823133565,
    "fisher_condition_number": 1.68711988511958,
    "fisher_effective_rank": 2.9273379424926778,
    "seed_robustness": 0.0
  },
  "noise": {
    "depolarizing_p": 0.4,
    "measurement_bitflip_p": 0.1,
    "amplitude_gamma": 0.01
  },
  "timing": {
    "wall_time_sec": 0.0038857460021972656
  },
  "notes": {
    "verification_warning": false,
    "warning_reason": ""
  }
}