{
  "experiment_id": "toy_identifiability_collapse",
  "backend": "toy",
  "task": "classification",
  "timestamp_utc": "2026-01-01T05:43:26.369028+00:00",
  "config_hash": "603100e4",
  "seed": 1,
  "metrics": {
    "accuracy": 0.66,
    "loss": 0.660905416294382,
    "ident_proxy": 0.37482568676112865,
    "hessian_min_abs": 0.22475588099670268,
    "hessian_max_abs": 0.5996277440357336,
    "fisher_condition_number": 2.667906802304051,
    "fisher_effective_rank": 2.6995453190529908,
    "seed_robustness": 0.0
  },
  "noise": {
    "depolarizing_p": 0.2,
    "measurement_bitflip_p": 0.4,
    "amplitude_gamma": 0.01
  },
  "timing": {
    "wall_time_sec": 0.003965139389038086
  },
  "notes": {
    "verification_warning": false,
    "warning_reason": ""
  }
}