{
  "experiment_id": "toy_identifiability_collapse",
  "backend": "toy",
  "task": "classification",
  "timestamp_utc": "2026-01-01T05:43:53.359547+00:00",
  "config_hash": "d1058ceb",
  "seed": 1,
  "metrics": {
    "accuracy": 0.905,
    "loss": 0.5656847204130317,
    "ident_proxy": 0.4478386236567167,
    "hessian_min_abs": 0.19310242928048307,
    "hessian_max_abs": 0.43118752835333535,
    "fisher_condition_number": 2.232947196659741,
    "fisher_effective_rank": 2.7762798056449824,
    "seed_robustness": 0.0
  },
  "noise": {
    "depolarizing_p": 0.5,
    "measurement_bitflip_p": 0.2,
    "amplitude_gamma": 0.01
  },
  "timing": {
    "wall_time_sec": 0.004117250442504883
  },
  "notes": {
    "verification_warning": false,
    "warning_reason": ""
  }
}