{
  "experiment_id": "toy_identifiability_collapse",
  "backend": "toy",
  "task": "classification",
  "timestamp_utc": "2026-01-01T05:43:27.349040+00:00",
  "config_hash": "22469579",
  "seed": 0,
  "metrics": {
    "accuracy": 0.915,
    "loss": 0.2430936443492849,
    "ident_proxy": 0.6938931290203028,
    "hessian_min_abs": 0.07593673252438309,
    "hessian_max_abs": 0.10943577516354384,
    "fisher_condition_number": 1.441144112755838,
    "fisher_effective_rank": 2.967224314993747,
    "seed_robustness": 0.0
  },
  "noise": {
    "depolarizing_p": 0.3,
    "measurement_bitflip_p": 0.0,
    "amplitude_gamma": 0.01
  },
  "timing": {
    "wall_time_sec": 0.004204988479614258
  },
  "notes": {
    "verification_warning": false,
    "warning_reason": ""
  }
}