{
  "experiment_id": "toy_identifiability_collapse",
  "backend": "toy",
  "task": "classification",
  "timestamp_utc": "2026-01-01T05:43:20.264575+00:00",
  "config_hash": "0c75d5db",
  "seed": 1,
  "metrics": {
    "accuracy": 0.94,
    "loss": 0.3895504519957638,
    "ident_proxy": 0.6722764028849677,
    "hessian_min_abs": 0.12114146166440735,
    "hessian_max_abs": 0.18019591506904054,
    "fisher_condition_number": 1.4874834135605917,
    "fisher_effective_rank": 2.9522489991199565,
    "seed_robustness": 0.0
  },
  "noise": {
    "depolarizing_p": 0.2,
    "measurement_bitflip_p": 0.1,
    "amplitude_gamma": 0.01
  },
  "timing": {
    "wall_time_sec": 0.003931999206542969
  },
  "notes": {
    "verification_warning": false,
    "warning_reason": ""
  }
}