{
  "experiment_id": "toy_identifiability_collapse",
  "backend": "toy",
  "task": "classification",
  "timestamp_utc": "2026-01-01T05:43:54.311938+00:00",
  "config_hash": "f4cce7de",
  "seed": 0,
  "metrics": {
    "accuracy": 0.86,
    "loss": 0.5998521350270744,
    "ident_proxy": 0.4457306180237485,
    "hessian_min_abs": 0.20050714923398594,
    "hessian_max_abs": 0.44983929997541666,
    "fisher_condition_number": 2.2435075331210093,
    "fisher_effective_rank": 2.799397170368067,
    "seed_robustness": 0.0
  },
  "noise": {
    "depolarizing_p": 0.5,
    "measurement_bitflip_p": 0.3,
    "amplitude_gamma": 0.01
  },
  "timing": {
    "wall_time_sec": 0.004408121109008789
  },
  "notes": {
    "verification_warning": false,
    "warning_reason": ""
  }
}