{
  "experiment_id": "toy_noise_identifiability",
  "backend": "toy",
  "task": "classification",
  "timestamp_utc": "2026-01-01T05:33:43.857921+00:00",
  "config_hash": "53ea3510",
  "seed": 1,
  "metrics": {
    "accuracy": 0.9,
    "loss": 0.5472007015597452,
    "ident_proxy": 0.10960888520704555,
    "hessian_min_abs": 1.0475042000810588,
    "hessian_max_abs": 2.6398337714530933,
    "fisher_condition_number": 2.520117600720661,
    "fisher_effective_rank": 1.3968068790575634,
    "seed_robustness": 0.0
  },
  "noise": {
    "depolarizing_p": 0.2,
    "measurement_bitflip_p": 0.2,
    "amplitude_gamma": 0.01
  },
  "timing": {
    "wall_time_sec": 0.0028760433197021484
  },
  "notes": {
    "verification_warning": false,
    "warning_reason": ""
  }
}