{
  "experiment_id": "toy_noise_identifiability",
  "backend": "toy",
  "task": "classification",
  "timestamp_utc": "2026-01-01T05:33:13.145938+00:00",
  "config_hash": "1593518a",
  "seed": 1,
  "metrics": {
    "accuracy": 0.945,
    "loss": 0.3802501351226206,
    "ident_proxy": 0.5902215741012166,
    "hessian_min_abs": 1.0475042000810588,
    "hessian_max_abs": 2.6398337714530933,
    "fisher_condition_number": 2.520117600720661,
    "fisher_effective_rank": 1.3968068790575634,
    "seed_robustness": 0.0
  },
  "noise": {
    "depolarizing_p": 0.1,
    "measurement_bitflip_p": 0.1,
    "amplitude_gamma": 0.01
  },
  "timing": {
    "wall_time_sec": 0.0032100677490234375
  },
  "notes": {
    "verification_warning": false,
    "warning_reason": ""
  }
}