{
  "experiment_id": "toy_identifiability_collapse",
  "backend": "toy",
  "task": "classification",
  "timestamp_utc": "2026-01-01T05:43:04.024888+00:00",
  "config_hash": "c3f12b18",
  "seed": 1,
  "metrics": {
    "accuracy": 0.885,
    "loss": 0.6559608712730374,
    "ident_proxy": 0.3973935305683986,
    "hessian_min_abs": 0.2287587952523865,
    "hessian_max_abs": 0.5756480103877122,
    "fisher_condition_number": 2.5163972799426912,
    "fisher_effective_rank": 2.71898614215855,
    "seed_robustness": 0.0
  },
  "noise": {
    "depolarizing_p": 0.0,
    "measurement_bitflip_p": 0.3,
    "amplitude_gamma": 0.01
  },
  "timing": {
    "wall_time_sec": 0.003985166549682617
  },
  "notes": {
    "verification_warning": false,
    "warning_reason": ""
  }
}