{
  "experiment_id": "toy_noise_identifiability",
  "backend": "toy",
  "task": "classification",
  "timestamp_utc": "2026-01-01T05:32:58.723830+00:00",
  "config_hash": "3ef6ee31",
  "seed": 2,
  "metrics": {
    "accuracy": 0.94,
    "loss": 0.32871812411369133,
    "ident_proxy": 0.9140147450584429,
    "hessian_min_abs": 1.1541400219572382,
    "hessian_max_abs": 3.0513008397138877,
    "fisher_condition_number": 2.6437873929190725,
    "fisher_effective_rank": 1.3782452411560502,
    "seed_robustness": 0.0
  },
  "noise": {
    "depolarizing_p": 0.05,
    "measurement_bitflip_p": 0.05,
    "amplitude_gamma": 0.01
  },
  "timing": {
    "wall_time_sec": 0.0029790401458740234
  },
  "notes": {
    "verification_warning": false,
    "warning_reason": ""
  }
}