{
  "experiment_id": "toy_identifiability_collapse",
  "backend": "toy",
  "task": "classification",
  "timestamp_utc": "2026-01-01T05:43:49.012296+00:00",
  "config_hash": "bf1e605f",
  "seed": 1,
  "metrics": {
    "accuracy": 0.94,
    "loss": 0.24158576382982141,
    "ident_proxy": 0.8695263354037839,
    "hessian_min_abs": 0.07942950956022764,
    "hessian_max_abs": 0.09134802045574635,
    "fisher_condition_number": 1.150051421021004,
    "fisher_effective_rank": 2.9941591644297265,
    "seed_robustness": 0.0
  },
  "noise": {
    "depolarizing_p": 0.5,
    "measurement_bitflip_p": 0.0,
    "amplitude_gamma": 0.01
  },
  "timing": {
    "wall_time_sec": 0.0044176578521728516
  },
  "notes": {
    "verification_warning": false,
    "warning_reason": ""
  }
}