{
  "experiment_id": "toy_identifiability_collapse",
  "backend": "toy",
  "task": "classification",
  "timestamp_utc": "2026-01-01T05:42:56.526176+00:00",
  "config_hash": "49baf5f0",
  "seed": 0,
  "metrics": {
    "accuracy": 0.91,
    "loss": 0.24232016873630524,
    "ident_proxy": 0.7167894314155928,
    "hessian_min_abs": 0.07651569920541128,
    "hessian_max_abs": 0.10674780595274809,
    "fisher_condition_number": 1.3951098522496124,
    "fisher_effective_rank": 2.972799518389731,
    "seed_robustness": 0.0
  },
  "noise": {
    "depolarizing_p": 0.0,
    "measurement_bitflip_p": 0.0,
    "amplitude_gamma": 0.01
  },
  "timing": {
    "wall_time_sec": 0.0036191940307617188
  },
  "notes": {
    "verification_warning": false,
    "warning_reason": ""
  }
}