{
  "experiment_id": "toy_identifiability_collapse",
  "backend": "toy",
  "task": "classification",
  "timestamp_utc": "2026-01-01T05:43:56.387755+00:00",
  "config_hash": "e7d38010",
  "seed": 0,
  "metrics": {
    "accuracy": 0.83,
    "loss": 0.6712353410844617,
    "ident_proxy": 0.3874554712784306,
    "hessian_min_abs": 0.2292561228225479,
    "hessian_max_abs": 0.5916966975001261,
    "fisher_condition_number": 2.5809417430479074,
    "fisher_effective_rank": 2.7178136429525988,
    "seed_robustness": 0.0
  },
  "noise": {
    "depolarizing_p": 0.5,
    "measurement_bitflip_p": 0.4,
    "amplitude_gamma": 0.01
  },
  "timing": {
    "wall_time_sec": 0.004415035247802734
  },
  "notes": {
    "verification_warning": false,
    "warning_reason": ""
  }
}