{
  "experiment_id": "toy_noise_identifiability",
  "backend": "toy",
  "task": "classification",
  "timestamp_utc": "2026-01-01T05:32:48.348184+00:00",
  "config_hash": "3d1d8a0a",
  "seed": 2,
  "metrics": {
    "accuracy": 0.945,
    "loss": 0.4178622496352095,
    "ident_proxy": 0.4514091283282629,
    "hessian_min_abs": 1.1541400219572382,
    "hessian_max_abs": 3.0513008397138877,
    "fisher_condition_number": 2.6437873929190725,
    "fisher_effective_rank": 1.3782452411560502,
    "seed_robustness": 0.0
  },
  "noise": {
    "depolarizing_p": 0.0,
    "measurement_bitflip_p": 0.1,
    "amplitude_gamma": 0.01
  },
  "timing": {
    "wall_time_sec": 0.0029082298278808594
  },
  "notes": {
    "verification_warning": false,
    "warning_reason": ""
  }
}