{
  "experiment_id": "toy_identifiability_collapse",
  "backend": "toy",
  "task": "classification",
  "timestamp_utc": "2026-01-01T05:43:47.893658+00:00",
  "config_hash": "431a4324",
  "seed": 0,
  "metrics": {
    "accuracy": 0.91,
    "loss": 0.25836580941829224,
    "ident_proxy": 0.7028308444785261,
    "hessian_min_abs": 0.08098424033414751,
    "hessian_max_abs": 0.11522579138363183,
    "fisher_condition_number": 1.422817461347037,
    "fisher_effective_rank": 2.968855547752446,
    "seed_robustness": 0.0
  },
  "noise": {
    "depolarizing_p": 0.5,
    "measurement_bitflip_p": 0.0,
    "amplitude_gamma": 0.01
  },
  "timing": {
    "wall_time_sec": 0.004225969314575195
  },
  "notes": {
    "verification_warning": false,
    "warning_reason": ""
  }
}