{
  "experiment_id": "toy_identifiability_collapse",
  "backend": "toy",
  "task": "classification",
  "timestamp_utc": "2026-01-01T05:43:16.196351+00:00",
  "config_hash": "afea4a24",
  "seed": 1,
  "metrics": {
    "accuracy": 0.695,
    "loss": 0.659343467346398,
    "ident_proxy": 0.3764669120261329,
    "hessian_min_abs": 0.22428960052590033,
    "hessian_max_abs": 0.5957750689991165,
    "fisher_condition_number": 2.6562759367199926,
    "fisher_effective_rank": 2.701486537370321,
    "seed_robustness": 0.0
  },
  "noise": {
    "depolarizing_p": 0.1,
    "measurement_bitflip_p": 0.4,
    "amplitude_gamma": 0.01
  },
  "timing": {
    "wall_time_sec": 0.0039670467376708984
  },
  "notes": {
    "verification_warning": false,
    "warning_reason": ""
  }
}