{
  "experiment_id": "toy_identifiability_collapse",
  "backend": "toy",
  "task": "classification",
  "timestamp_utc": "2026-01-01T05:43:57.421518+00:00",
  "config_hash": "d55e999c",
  "seed": 1,
  "metrics": {
    "accuracy": 0.625,
    "loss": 0.665702777540938,
    "ident_proxy": 0.3710129023742177,
    "hessian_min_abs": 0.22723784886572068,
    "hessian_max_abs": 0.6124796398574265,
    "fisher_condition_number": 2.6953240520676656,
    "fisher_effective_rank": 2.6939328270998786,
    "seed_robustness": 0.0
  },
  "noise": {
    "depolarizing_p": 0.5,
    "measurement_bitflip_p": 0.4,
    "amplitude_gamma": 0.01
  },
  "timing": {
    "wall_time_sec": 0.0047800540924072266
  },
  "notes": {
    "verification_warning": false,
    "warning_reason": ""
  }
}