{
  "experiment_id": "toy_identifiability_collapse",
  "backend": "toy",
  "task": "classification",
  "timestamp_utc": "2026-01-01T05:43:37.596679+00:00",
  "config_hash": "38e6dd7e",
  "seed": 0,
  "metrics": {
    "accuracy": 0.91,
    "loss": 0.24924320347466467,
    "ident_proxy": 0.6955242294695472,
    "hessian_min_abs": 0.07779783334386298,
    "hessian_max_abs": 0.11185495771102659,
    "fisher_condition_number": 1.4377644306989399,
    "fisher_effective_rank": 2.967435154898658,
    "seed_robustness": 0.0
  },
  "noise": {
    "depolarizing_p": 0.4,
    "measurement_bitflip_p": 0.0,
    "amplitude_gamma": 0.01
  },
  "timing": {
    "wall_time_sec": 0.004940986633300781
  },
  "notes": {
    "verification_warning": false,
    "warning_reason": ""
  }
}