{
  "experiment_id": "toy_identifiability_collapse",
  "backend": "toy",
  "task": "classification",
  "timestamp_utc": "2026-01-01T05:43:44.850988+00:00",
  "config_hash": "0c273a63",
  "seed": 1,
  "metrics": {
    "accuracy": 0.88,
    "loss": 0.6213952944179063,
    "ident_proxy": 0.41269613362844165,
    "hessian_min_abs": 0.21299341842016056,
    "hessian_max_abs": 0.5161022869447405,
    "fisher_condition_number": 2.423090302651251,
    "fisher_effective_rank": 2.7413960710355796,
    "seed_robustness": 0.0
  },
  "noise": {
    "depolarizing_p": 0.4,
    "measurement_bitflip_p": 0.3,
    "amplitude_gamma": 0.01
  },
  "timing": {
    "wall_time_sec": 0.004076957702636719
  },
  "notes": {
    "verification_warning": false,
    "warning_reason": ""
  }
}