{
  "experiment_id": "toy_noise_identifiability",
  "backend": "toy",
  "task": "classification",
  "timestamp_utc": "2026-01-01T05:32:44.943233+00:00",
  "config_hash": "e30ff178",
  "seed": 1,
  "metrics": {
    "accuracy": 0.945,
    "loss": 0.336917211744789,
    "ident_proxy": 0.8039888582102565,
    "hessian_min_abs": 1.0475042000810588,
    "hessian_max_abs": 2.6398337714530933,
    "fisher_condition_number": 2.520117600720661,
    "fisher_effective_rank": 1.3968068790575634,
    "seed_robustness": 0.0
  },
  "noise": {
    "depolarizing_p": 0.0,
    "measurement_bitflip_p": 0.05,
    "amplitude_gamma": 0.01
  },
  "timing": {
    "wall_time_sec": 0.002877950668334961
  },
  "notes": {
    "verification_warning": false,
    "warning_reason": ""
  }
}