{
  "experiment_id": "toy_identifiability_collapse",
  "backend": "toy",
  "task": "classification",
  "timestamp_utc": "2026-01-01T05:43:33.460621+00:00",
  "config_hash": "ab93ab1d",
  "seed": 0,
  "metrics": {
    "accuracy": 0.855,
    "loss": 0.6036884759770517,
    "ident_proxy": 0.44564137208020416,
    "hessian_min_abs": 0.2004926577667989,
    "hessian_max_abs": 0.44989686838624837,
    "fisher_condition_number": 2.243956827013316,
    "fisher_effective_rank": 2.7986738606965744,
    "seed_robustness": 0.0
  },
  "noise": {
    "depolarizing_p": 0.3,
    "measurement_bitflip_p": 0.3,
    "amplitude_gamma": 0.01
  },
  "timing": {
    "wall_time_sec": 0.0039179325103759766
  },
  "notes": {
    "verification_warning": false,
    "warning_reason": ""
  }
}