{
  "experiment_id": "toy_identifiability_collapse",
  "backend": "toy",
  "task": "classification",
  "timestamp_utc": "2026-01-01T05:43:05.994754+00:00",
  "config_hash": "61766400",
  "seed": 1,
  "metrics": {
    "accuracy": 0.815,
    "loss": 0.6794646539377891,
    "ident_proxy": 0.3774321169477311,
    "hessian_min_abs": 0.23759224917624536,
    "hessian_max_abs": 0.629496639183478,
    "fisher_condition_number": 2.649483058058727,
    "fisher_effective_rank": 2.6954940909660863,
    "seed_robustness": 0.0
  },
  "noise": {
    "depolarizing_p": 0.0,
    "measurement_bitflip_p": 0.4,
    "amplitude_gamma": 0.01
  },
  "timing": {
    "wall_time_sec": 0.003952741622924805
  },
  "notes": {
    "verification_warning": false,
    "warning_reason": ""
  }
}