{
  "experiment_id": "toy_identifiability_collapse",
  "backend": "toy",
  "task": "classification",
  "timestamp_utc": "2026-01-01T05:43:14.235626+00:00",
  "config_hash": "72843fe7",
  "seed": 1,
  "metrics": {
    "accuracy": 0.885,
    "loss": 0.6155247342618708,
    "ident_proxy": 0.41845846653467206,
    "hessian_min_abs": 0.2089189145425317,
    "hessian_max_abs": 0.49925842397402065,
    "fisher_condition_number": 2.3897234236941687,
    "fisher_effective_rank": 2.748985347685574,
    "seed_robustness": 0.0
  },
  "noise": {
    "depolarizing_p": 0.1,
    "measurement_bitflip_p": 0.3,
    "amplitude_gamma": 0.01
  },
  "timing": {
    "wall_time_sec": 0.004528999328613281
  },
  "notes": {
    "verification_warning": false,
    "warning_reason": ""
  }
}