{
  "experiment_id": "toy_identifiability_collapse",
  "backend": "toy",
  "task": "classification",
  "timestamp_utc": "2026-01-01T05:42:58.570950+00:00",
  "config_hash": "3804f206",
  "seed": 0,
  "metrics": {
    "accuracy": 0.925,
    "loss": 0.43117292175489624,
    "ident_proxy": 0.6762609696289634,
    "hessian_min_abs": 0.1360404928336854,
    "hessian_max_abs": 0.20116567253718506,
    "fisher_condition_number": 1.478719079879001,
    "fisher_effective_rank": 2.960932885693813,
    "seed_robustness": 0.0
  },
  "noise": {
    "depolarizing_p": 0.0,
    "measurement_bitflip_p": 0.1,
    "amplitude_gamma": 0.01
  },
  "timing": {
    "wall_time_sec": 0.004119157791137695
  },
  "notes": {
    "verification_warning": false,
    "warning_reason": ""
  }
}