{
  "experiment_id": "toy_identifiability_collapse",
  "backend": "toy",
  "task": "classification",
  "timestamp_utc": "2026-01-01T05:43:11.253356+00:00",
  "config_hash": "237705e2",
  "seed": 0,
  "metrics": {
    "accuracy": 0.895,
    "loss": 0.575004287282495,
    "ident_proxy": 0.47639871254899574,
    "hessian_min_abs": 0.18570091143516515,
    "hessian_max_abs": 0.38980145515911035,
    "fisher_condition_number": 2.09908207739355,
    "fisher_effective_rank": 2.837711596339019,
    "seed_robustness": 0.0
  },
  "noise": {
    "depolarizing_p": 0.1,
    "measurement_bitflip_p": 0.2,
    "amplitude_gamma": 0.01
  },
  "timing": {
    "wall_time_sec": 0.004021167755126953
  },
  "notes": {
    "verification_warning": false,
    "warning_reason": ""
  }
}