{
  "experiment_id": "toy_identifiability_collapse",
  "backend": "toy",
  "task": "classification",
  "timestamp_utc": "2026-01-01T05:43:31.374182+00:00",
  "config_hash": "a480df04",
  "seed": 0,
  "metrics": {
    "accuracy": 0.905,
    "loss": 0.5733000845183297,
    "ident_proxy": 0.4746344376080164,
    "hessian_min_abs": 0.1861732878677563,
    "hessian_max_abs": 0.39224563805049206,
    "fisher_condition_number": 2.106884625244551,
    "fisher_effective_rank": 2.835870777553458,
    "seed_robustness": 0.0
  },
  "noise": {
    "depolarizing_p": 0.3,
    "measurement_bitflip_p": 0.2,
    "amplitude_gamma": 0.01
  },
  "timing": {
    "wall_time_sec": 0.004024982452392578
  },
  "notes": {
    "verification_warning": false,
    "warning_reason": ""
  }
}