{
  "experiment_id": "toy_identifiability_collapse",
  "backend": "toy",
  "task": "classification",
  "timestamp_utc": "2026-01-01T05:43:40.718100+00:00",
  "config_hash": "d2e050df",
  "seed": 1,
  "metrics": {
    "accuracy": 0.94,
    "loss": 0.4163287269196803,
    "ident_proxy": 0.6350593137958118,
    "hessian_min_abs": 0.13164417341355342,
    "hessian_max_abs": 0.2072942959661474,
    "fisher_condition_number": 1.574656062881548,
    "fisher_effective_rank": 2.934666028997026,
    "seed_robustness": 0.0
  },
  "noise": {
    "depolarizing_p": 0.4,
    "measurement_bitflip_p": 0.1,
    "amplitude_gamma": 0.01
  },
  "timing": {
    "wall_time_sec": 0.004197835922241211
  },
  "notes": {
    "verification_warning": false,
    "warning_reason": ""
  }
}