{
  "experiment_id": "toy_identifiability_collapse",
  "backend": "toy",
  "task": "classification",
  "timestamp_utc": "2026-01-01T05:43:25.375363+00:00",
  "config_hash": "d2557d18",
  "seed": 0,
  "metrics": {
    "accuracy": 0.825,
    "loss": 0.673362502547609,
    "ident_proxy": 0.38718037397133614,
    "hessian_min_abs": 0.22946284642834816,
    "hessian_max_abs": 0.5926510273132227,
    "fisher_condition_number": 2.5827755398301737,
    "fisher_effective_rank": 2.716938265980509,
    "seed_robustness": 0.0
  },
  "noise": {
    "depolarizing_p": 0.2,
    "measurement_bitflip_p": 0.4,
    "amplitude_gamma": 0.01
  },
  "timing": {
    "wall_time_sec": 0.003947019577026367
  },
  "notes": {
    "verification_warning": false,
    "warning_reason": ""
  }
}