{
  "experiment_id": "toy_identifiability_collapse",
  "backend": "toy",
  "task": "classification",
  "timestamp_utc": "2026-01-01T05:43:07.024922+00:00",
  "config_hash": "67e11a33",
  "seed": 0,
  "metrics": {
    "accuracy": 0.915,
    "loss": 0.2397059939723266,
    "ident_proxy": 0.7050671144591732,
    "hessian_min_abs": 0.07541282788110144,
    "hessian_max_abs": 0.1069583678830925,
    "fisher_condition_number": 1.4183046935979702,
    "fisher_effective_rank": 2.97008997258922,
    "seed_robustness": 0.0
  },
  "noise": {
    "depolarizing_p": 0.1,
    "measurement_bitflip_p": 0.0,
    "amplitude_gamma": 0.01
  },
  "timing": {
    "wall_time_sec": 0.00396728515625
  },
  "notes": {
    "verification_warning": false,
    "warning_reason": ""
  }
}