{
  "experiment_id": "toy_identifiability_collapse",
  "backend": "toy",
  "task": "classification",
  "timestamp_utc": "2026-01-01T05:43:41.730179+00:00",
  "config_hash": "af417ce1",
  "seed": 0,
  "metrics": {
    "accuracy": 0.905,
    "loss": 0.5735595498377196,
    "ident_proxy": 0.472172962733803,
    "hessian_min_abs": 0.18710319289498029,
    "hessian_max_abs": 0.396259861565276,
    "fisher_condition_number": 2.117867980884255,
    "fisher_effective_rank": 2.8332420300083996,
    "seed_robustness": 0.0
  },
  "noise": {
    "depolarizing_p": 0.4,
    "measurement_bitflip_p": 0.2,
    "amplitude_gamma": 0.01
  },
  "timing": {
    "wall_time_sec": 0.004422187805175781
  },
  "notes": {
    "verification_warning": false,
    "warning_reason": ""
  }
}