{
  "experiment_id": "toy_identifiability_collapse",
  "backend": "toy",
  "task": "classification",
  "timestamp_utc": "2026-01-01T05:43:15.215287+00:00",
  "config_hash": "ed9ea920",
  "seed": 0,
  "metrics": {
    "accuracy": 0.82,
    "loss": 0.6743145564356781,
    "ident_proxy": 0.3867435943597207,
    "hessian_min_abs": 0.22971623332208593,
    "hessian_max_abs": 0.5939755347822161,
    "fisher_condition_number": 2.5856924690682686,
    "fisher_effective_rank": 2.7162358532912187,
    "seed_robustness": 0.0
  },
  "noise": {
    "depolarizing_p": 0.1,
    "measurement_bitflip_p": 0.4,
    "amplitude_gamma": 0.01
  },
  "timing": {
    "wall_time_sec": 0.004125118255615234
  },
  "notes": {
    "verification_warning": false,
    "warning_reason": ""
  }
}