{
  "experiment_id": "toy_smoke_test",
  "backend": "toy",
  "task": "classification",
  "timestamp_utc": "2026-01-01T05:39:52.249174+00:00",
  "config_hash": "cc8ed2dc",
  "seed": 0,
  "metrics": {
    "accuracy": 0.93,
    "loss": 0.21582963217347598,
    "ident_proxy": 0.7490594634445268,
    "hessian_min_abs": 0.08913450957457364,
    "hessian_max_abs": 0.11899523849519958,
    "fisher_condition_number": 1.3350074951850435,
    "fisher_effective_rank": 2.978139439557834,
    "seed_robustness": 0.0
  },
  "noise": {
    "depolarizing_p": 0.05,
    "measurement_bitflip_p": 0.0,
    "amplitude_gamma": 0.01
  },
  "timing": {
    "wall_time_sec": 0.002002239227294922
  },
  "notes": {
    "verification_warning": false,
    "warning_reason": ""
  }
}