{
  "experiment_id": "toy_identifiability_collapse",
  "backend": "toy",
  "task": "classification",
  "timestamp_utc": "2026-01-01T05:43:05.032372+00:00",
  "config_hash": "6fce9d43",
  "seed": 0,
  "metrics": {
    "accuracy": 0.835,
    "loss": 0.6869948076523462,
    "ident_proxy": 0.37470791162377437,
    "hessian_min_abs": 0.2332677886068331,
    "hessian_max_abs": 0.6225323280699099,
    "fisher_condition_number": 2.6687453570895623,
    "fisher_effective_rank": 2.7020380921129514,
    "seed_robustness": 0.0
  },
  "noise": {
    "depolarizing_p": 0.0,
    "measurement_bitflip_p": 0.4,
    "amplitude_gamma": 0.01
  },
  "timing": {
    "wall_time_sec": 0.004192829132080078
  },
  "notes": {
    "verification_warning": false,
    "warning_reason": ""
  }
}