{
  "experiment_id": "toy_identifiability_collapse",
  "backend": "toy",
  "task": "classification",
  "timestamp_utc": "2026-01-01T05:43:55.359508+00:00",
  "config_hash": "f94e7074",
  "seed": 1,
  "metrics": {
    "accuracy": 0.865,
    "loss": 0.6241595999184689,
    "ident_proxy": 0.4099336605027548,
    "hessian_min_abs": 0.2150459277702111,
    "hessian_max_abs": 0.5245871428696024,
    "fisher_condition_number": 2.4394190955627484,
    "fisher_effective_rank": 2.7376056820754573,
    "seed_robustness": 0.0
  },
  "noise": {
    "depolarizing_p": 0.5,
    "measurement_bitflip_p": 0.3,
    "amplitude_gamma": 0.01
  },
  "timing": {
    "wall_time_sec": 0.008346796035766602
  },
  "notes": {
    "verification_warning": false,
    "warning_reason": ""
  }
}