{
  "experiment_id": "toy_identifiability_collapse",
  "backend": "toy",
  "task": "classification",
  "timestamp_utc": "2026-01-01T05:43:36.462024+00:00",
  "config_hash": "53b4f71b",
  "seed": 1,
  "metrics": {
    "accuracy": 0.655,
    "loss": 0.6625100607819708,
    "ident_proxy": 0.373351560475135,
    "hessian_min_abs": 0.22542932668411683,
    "hessian_max_abs": 0.6037990744163372,
    "fisher_condition_number": 2.678440658231515,
    "fisher_effective_rank": 2.697597046270407,
    "seed_robustness": 0.0
  },
  "noise": {
    "depolarizing_p": 0.3,
    "measurement_bitflip_p": 0.4,
    "amplitude_gamma": 0.01
  },
  "timing": {
    "wall_time_sec": 0.004354953765869141
  },
  "notes": {
    "verification_warning": false,
    "warning_reason": ""
  }
}