{
  "experiment_id": "toy_identifiability_collapse",
  "backend": "toy",
  "task": "classification",
  "timestamp_utc": "2026-01-01T05:43:17.150772+00:00",
  "config_hash": "b1fd03cb",
  "seed": 0,
  "metrics": {
    "accuracy": 0.915,
    "loss": 0.23993934982291734,
    "ident_proxy": 0.6973521766366828,
    "hessian_min_abs": 0.07520012411386728,
    "hessian_max_abs": 0.10783665207273166,
    "fisher_condition_number": 1.4339956642364966,
    "fisher_effective_rank": 2.9681819207599247,
    "seed_robustness": 0.0
  },
  "noise": {
    "depolarizing_p": 0.2,
    "measurement_bitflip_p": 0.0,
    "amplitude_gamma": 0.01
  },
  "timing": {
    "wall_time_sec": 0.004241943359375
  },
  "notes": {
    "verification_warning": false,
    "warning_reason": ""
  }
}