{
  "experiment_id": "toy_identifiability_collapse",
  "backend": "toy",
  "task": "classification",
  "timestamp_utc": "2026-01-01T05:43:23.430580+00:00",
  "config_hash": "5bb41321",
  "seed": 0,
  "metrics": {
    "accuracy": 0.86,
    "loss": 0.60642150322747,
    "ident_proxy": 0.44433451778197236,
    "hessian_min_abs": 0.2009902338079094,
    "hessian_max_abs": 0.45233990545406727,
    "fisher_condition_number": 2.2505566397883907,
    "fisher_effective_rank": 2.7968654504648556,
    "seed_robustness": 0.0
  },
  "noise": {
    "depolarizing_p": 0.2,
    "measurement_bitflip_p": 0.3,
    "amplitude_gamma": 0.01
  },
  "timing": {
    "wall_time_sec": 0.0039958953857421875
  },
  "notes": {
    "verification_warning": false,
    "warning_reason": ""
  }
}