{
  "experiment_id": "toy_identifiability_collapse",
  "backend": "toy",
  "task": "classification",
  "timestamp_utc": "2026-01-01T05:43:32.342577+00:00",
  "config_hash": "cfc28d1b",
  "seed": 1,
  "metrics": {
    "accuracy": 0.9,
    "loss": 0.5525768041445148,
    "ident_proxy": 0.45888443636716647,
    "hessian_min_abs": 0.18435086942117668,
    "hessian_max_abs": 0.40173702737606876,
    "fisher_condition_number": 2.179197898114175,
    "fisher_effective_rank": 2.790624203896179,
    "seed_robustness": 0.0
  },
  "noise": {
    "depolarizing_p": 0.3,
    "measurement_bitflip_p": 0.2,
    "amplitude_gamma": 0.01
  },
  "timing": {
    "wall_time_sec": 0.00406193733215332
  },
  "notes": {
    "verification_warning": false,
    "warning_reason": ""
  }
}