{
  "experiment_id": "toy_noise_identifiability",
  "backend": "toy",
  "task": "classification",
  "timestamp_utc": "2026-01-01T05:33:35.303650+00:00",
  "config_hash": "7e0f1766",
  "seed": 0,
  "metrics": {
    "accuracy": 0.905,
    "loss": 0.36880814108254045,
    "ident_proxy": 0.6715440440982123,
    "hessian_min_abs": 1.0170504385605637,
    "hessian_max_abs": 2.539556042535616,
    "fisher_condition_number": 2.496981414343483,
    "fisher_effective_rank": 1.4004835575690195,
    "seed_robustness": 0.0
  },
  "noise": {
    "depolarizing_p": 0.2,
    "measurement_bitflip_p": 0.05,
    "amplitude_gamma": 0.01
  },
  "timing": {
    "wall_time_sec": 0.0029799938201904297
  },
  "notes": {
    "verification_warning": false,
    "warning_reason": ""
  }
}