{
  "experiment_id": "toy_identifiability_collapse",
  "backend": "toy",
  "task": "classification",
  "timestamp_utc": "2026-01-01T05:43:19.265192+00:00",
  "config_hash": "90ac0d36",
  "seed": 0,
  "metrics": {
    "accuracy": 0.89,
    "loss": 0.46003662874866935,
    "ident_proxy": 0.6118588466351906,
    "hessian_min_abs": 0.14261772495327765,
    "hessian_max_abs": 0.2330892585379662,
    "fisher_condition_number": 1.6343638804425684,
    "fisher_effective_rank": 2.9365589964127032,
    "seed_robustness": 0.0
  },
  "noise": {
    "depolarizing_p": 0.2,
    "measurement_bitflip_p": 0.1,
    "amplitude_gamma": 0.01
  },
  "timing": {
    "wall_time_sec": 0.003946065902709961
  },
  "notes": {
    "verification_warning": false,
    "warning_reason": ""
  }
}