{
  "experiment_id": "toy_identifiability_collapse",
  "backend": "toy",
  "task": "classification",
  "timestamp_utc": "2026-01-01T05:43:38.723137+00:00",
  "config_hash": "ad734f8f",
  "seed": 1,
  "metrics": {
    "accuracy": 0.94,
    "loss": 0.2260739512602178,
    "ident_proxy": 0.8585095250784837,
    "hessian_min_abs": 0.0755104110204231,
    "hessian_max_abs": 0.08795523955039299,
    "fisher_condition_number": 1.1648094381332799,
    "fisher_effective_rank": 2.993838361271332,
    "seed_robustness": 0.0
  },
  "noise": {
    "depolarizing_p": 0.4,
    "measurement_bitflip_p": 0.0,
    "amplitude_gamma": 0.01
  },
  "timing": {
    "wall_time_sec": 0.011345863342285156
  },
  "notes": {
    "verification_warning": false,
    "warning_reason": ""
  }
}