{
  "experiment_id": "toy_noise_identifiability",
  "backend": "toy",
  "task": "classification",
  "timestamp_utc": "2026-01-01T05:33:01.275262+00:00",
  "config_hash": "2cc4281e",
  "seed": 2,
  "metrics": {
    "accuracy": 0.925,
    "loss": 0.403076265793385,
    "ident_proxy": 0.5131053616992076,
    "hessian_min_abs": 1.1541400219572382,
    "hessian_max_abs": 3.0513008397138877,
    "fisher_condition_number": 2.6437873929190725,
    "fisher_effective_rank": 1.3782452411560502,
    "seed_robustness": 0.0
  },
  "noise": {
    "depolarizing_p": 0.05,
    "measurement_bitflip_p": 0.1,
    "amplitude_gamma": 0.01
  },
  "timing": {
    "wall_time_sec": 0.003117084503173828
  },
  "notes": {
    "verification_warning": false,
    "warning_reason": ""
  }
}