{
  "experiment_id": "toy_identifiability_collapse",
  "backend": "toy",
  "task": "classification",
  "timestamp_utc": "2026-01-01T05:43:13.267100+00:00",
  "config_hash": "9b8f69f5",
  "seed": 0,
  "metrics": {
    "accuracy": 0.865,
    "loss": 0.6096834359106029,
    "ident_proxy": 0.4421759493433334,
    "hessian_min_abs": 0.2018319872030119,
    "hessian_max_abs": 0.4564517528792123,
    "fisher_condition_number": 2.261543172509805,
    "fisher_effective_rank": 2.7940933072843803,
    "seed_robustness": 0.0
  },
  "noise": {
    "depolarizing_p": 0.1,
    "measurement_bitflip_p": 0.3,
    "amplitude_gamma": 0.01
  },
  "timing": {
    "wall_time_sec": 0.004085063934326172
  },
  "notes": {
    "verification_warning": false,
    "warning_reason": ""
  }
}