{
  "experiment_id": "toy_noise_identifiability",
  "backend": "toy",
  "task": "classification",
  "timestamp_utc": "2026-01-01T05:32:46.651400+00:00",
  "config_hash": "dd98cf7e",
  "seed": 0,
  "metrics": {
    "accuracy": 0.925,
    "loss": 0.43152733589435,
    "ident_proxy": 0.40884060853829574,
    "hessian_min_abs": 1.0170504385605637,
    "hessian_max_abs": 2.539556042535616,
    "fisher_condition_number": 2.496981414343483,
    "fisher_effective_rank": 1.4004835575690195,
    "seed_robustness": 0.0
  },
  "noise": {
    "depolarizing_p": 0.0,
    "measurement_bitflip_p": 0.1,
    "amplitude_gamma": 0.01
  },
  "timing": {
    "wall_time_sec": 0.003172636032104492
  },
  "notes": {
    "verification_warning": false,
    "warning_reason": ""
  }
}